<prezi xsi:schemaLocation="http://prezi.com/schema/prezi/2 http://prezi.com/schema/prezi/2" xmlns:xsi="http://www.w3.org/2001/XMLSchema-instance" version="2" xmlns="http://prezi.com/schema/prezi/2"><xFields><xField name="preziType"><xEnum type="PreziType" value="converted-from-core"/></xField></xFields><background><background><layers><array><backgroundImage><assetSourceFilename><string value="bg.png"/></assetSourceFilename><depth><double value="0"/></depth><fadeScale><double value="0.10612619883525905"/></fadeScale><height><double value="2842"/></height><localToWorld><transform2D x="2416.8648550733715" y="19621.704456270083" scale="29.365231828449726" rotation="0"/></localToWorld><onlineAssetId><string value="1570021083"/></onlineAssetId><onlineAssetUrl><string value="http://0103.static.prezi.com.s3.amazonaws.com/media/2/4/7/d06dba96c3f3aabf8a4b9f06ab25d383ee826.png"/></onlineAssetUrl><width><double value="3000"/></width></backgroundImage></array></layers></background></background><documentStyle><documentStyle><fontClasses><array><fontClass><fontFamily><string value="Arimo"/></fontFamily><name><string value="body"/></name></fontClass><fontClass><fontFamily><string value="Arimo"/></fontFamily><fontWeight><fontWeight value="bold"/></fontWeight><name><string value="head"/></name></fontClass><fontClass><fontFamily><string value="Arimo"/></fontFamily><fontStyle><fontStyle value="italic"/></fontStyle><fontWeight><fontWeight value="bold"/></fontWeight><name><string value="strong"/></name></fontClass></array></fontClasses><fontFamilies><array><fontFamily><fontFaces><array><fontFace><fontSrc><string value="Arimo-Regular.keg"/></fontSrc></fontFace><fontFace><fontSrc><string value="Arimo-Bold.keg"/></fontSrc><fontWeight><fontWeight value="bold"/></fontWeight></fontFace><fontFace><fontSrc><string value="Arimo-BoldItalic.keg"/></fontSrc><fontStyle><fontStyle value="italic"/></fontStyle><fontWeight><fontWeight value="bold"/></fontWeight></fontFace><fontFace><fontSrc><string value="Arimo-Italic.keg"/></fontSrc><fontStyle><fontStyle value="italic"/></fontStyle></fontFace></array></fontFaces><name><string value="Arimo"/></name></fontFamily></array></fontFamilies><styleDeclarations><array><styleDeclaration><styleBlock><styleBlock><gradEndAlpha><double value="0.7"/></gradEndAlpha><gradStartAlpha><double value="0.5"/></gradStartAlpha></styleBlock></styleBlock><styleSelector><simpleSelector value="zCircle"/></styleSelector></styleDeclaration><styleDeclaration><styleBlock><styleBlock><color><color value="#575756"/></color><fillType><fillType value="linear"/></fillType><gradEndColor><color value="#575756"/></gradEndColor><gradStartColor><color value="#575756"/></gradStartColor></styleBlock></styleBlock><styleSelector><simpleSelector value="*.line1"/></styleSelector></styleDeclaration><styleDeclaration><styleBlock><styleBlock><color><color value="#FF7C00"/></color><fillType><fillType value="linear"/></fillType><gradEndColor><color value="#FF7C00"/></gradEndColor><gradStartColor><color value="#FF7C00"/></gradStartColor></styleBlock></styleBlock><styleSelector><simpleSelector value="*.line2"/></styleSelector></styleDeclaration><styleDeclaration><styleBlock><styleBlock><color><color value="#5374EC"/></color><fillType><fillType value="linear"/></fillType><gradEndColor><color value="#5374EC"/></gradEndColor><gradStartColor><color value="#5374EC"/></gradStartColor></styleBlock></styleBlock><styleSelector><simpleSelector value="*.line3"/></styleSelector></styleDeclaration><styleDeclaration><styleBlock><styleBlock><color><color value="#66E186"/></color><fillType><fillType value="linear"/></fillType><gradEndColor><color value="#66E186"/></gradEndColor><gradStartColor><color value="#66E186"/></gradStartColor></styleBlock></styleBlock><styleSelector><simpleSelector value="*.line4"/></styleSelector></styleDeclaration><styleDeclaration><styleBlock><styleBlock><color><color value="#DEDC00"/></color><fillType><fillType value="linear"/></fillType><gradEndColor><color value="#DEDC00"/></gradEndColor><gradStartColor><color value="#DEDC00"/></gradStartColor></styleBlock></styleBlock><styleSelector><simpleSelector value="*.line5"/></styleSelector></styleDeclaration><styleDeclaration><styleBlock><styleBlock><color><color value="#F6F6F6"/></color><fillType><fillType value="linear"/></fillType><gradEndColor><color value="#575756"/></gradEndColor><gradStartColor><color value="#575756"/></gradStartColor></styleBlock></styleBlock><styleSelector><simpleSelector value="*.poly1"/></styleSelector></styleDeclaration><styleDeclaration><styleBlock><styleBlock><color><color value="#F6F6F6"/></color><fillType><fillType value="linear"/></fillType><gradEndColor><color value="#FF7C00"/></gradEndColor><gradStartColor><color value="#FF7C00"/></gradStartColor></styleBlock></styleBlock><styleSelector><simpleSelector value="*.poly2"/></styleSelector></styleDeclaration><styleDeclaration><styleBlock><styleBlock><color><color value="#F6F6F6"/></color><fillType><fillType value="linear"/></fillType><gradEndColor><color value="#5374EC"/></gradEndColor><gradStartColor><color value="#5374EC"/></gradStartColor></styleBlock></styleBlock><styleSelector><simpleSelector value="*.poly3"/></styleSelector></styleDeclaration><styleDeclaration><styleBlock><styleBlock><color><color value="#F6F6F6"/></color><fillType><fillType value="linear"/></fillType><gradEndColor><color value="#2BD074"/></gradEndColor><gradStartColor><color value="#2BD074"/></gradStartColor></styleBlock></styleBlock><styleSelector><simpleSelector value="*.poly4"/></styleSelector></styleDeclaration><styleDeclaration><styleBlock><styleBlock><color><color value="#F6F6F6"/></color><fillType><fillType value="linear"/></fillType><gradEndColor><color value="#DEDC00"/></gradEndColor><gradStartColor><color value="#DEDC00"/></gradStartColor></styleBlock></styleBlock><styleSelector><simpleSelector value="*.poly5"/></styleSelector></styleDeclaration><styleDeclaration><styleBlock><styleBlock><fillType><fillType value="linear"/></fillType><gradEndColor><color value="#F6F6F6"/></gradEndColor><gradStartColor><color value="#F6F6F6"/></gradStartColor></styleBlock></styleBlock><styleSelector><simpleSelector value="background"/></styleSelector></styleDeclaration><styleDeclaration><styleBlock><styleBlock><borderAlpha><double value="0"/></borderAlpha><borderThickness><double value="0"/></borderThickness><fillType><fillType value="linear"/></fillType><gradEndAlpha><double value="1"/></gradEndAlpha><gradEndColor><color value="#FFFFFF"/></gradEndColor><gradStartAlpha><double value="1"/></gradStartAlpha><gradStartColor><color value="#FFFFFF"/></gradStartColor><thickness><double value="10"/></thickness></styleBlock></styleBlock><styleSelector><simpleSelector value="zArrow"/></styleSelector></styleDeclaration><styleDeclaration><styleBlock><styleBlock><borderAlpha><double value="0"/></borderAlpha><borderThickness><double value="0"/></borderThickness><gradEndAlpha><double value="0.6"/></gradEndAlpha><gradStartAlpha><double value="0.6"/></gradStartAlpha><radius><double value="0"/></radius><thickness><double value="100"/></thickness></styleBlock></styleBlock><styleSelector><simpleSelector value="zCircle"/></styleSelector></styleDeclaration><styleDeclaration><styleBlock><styleBlock><color><color value="#FFFFFF"/></color></styleBlock></styleBlock><styleSelector><simpleSelector value="zPencil"/></styleSelector></styleDeclaration><styleDeclaration><styleBlock><styleBlock><borderAlpha><double value="0"/></borderAlpha><borderColor><color value="#318BFF"/></borderColor><borderThickness><double value="0"/></borderThickness><fillType><fillType value="linear"/></fillType><gradEndAlpha><double value="1"/></gradEndAlpha><gradEndColor><color value="#318BFF"/></gradEndColor><gradStartAlpha><double value="1"/></gradStartAlpha><gradStartColor><color value="#318BFF"/></gradStartColor><padding><double value="1.03"/></padding><thickness><double value="3"/></thickness></styleBlock></styleBlock><styleSelector><simpleSelector value="zBracketFrame"/></styleSelector></styleDeclaration><styleDeclaration><styleBlock><styleBlock><borderAlpha><double value="0"/></borderAlpha><borderColor><color value="#333333"/></borderColor><borderThickness><double value="3"/></borderThickness><fillType><fillType value="linear"/></fillType><gradEndAlpha><double value="1"/></gradEndAlpha><gradEndColor><color value="#318BFF"/></gradEndColor><gradStartAlpha><double value="1"/></gradStartAlpha><gradStartColor><color value="#318BFF"/></gradStartColor><padding><double value="1.03"/></padding><thickness><double value="10"/></thickness></styleBlock></styleBlock><styleSelector><simpleSelector value="zCircleFrame"/></styleSelector></styleDeclaration><styleDeclaration><styleBlock><styleBlock><borderAlpha><double value="0"/></borderAlpha><borderThickness><double value="0"/></borderThickness><fillType><fillType value="linear"/></fillType><gradEndAlpha><double value="0.6"/></gradEndAlpha><gradEndColor><color value="#318BFF"/></gradEndColor><gradStartAlpha><double value="0.6"/></gradStartAlpha><gradStartColor><color value="#318BFF"/></gradStartColor><padding><double value="1.03"/></padding><radius><double value="1"/></radius><thickness><double value="3"/></thickness></styleBlock></styleBlock><styleSelector><simpleSelector value="zRectangleFrame"/></styleSelector></styleDeclaration><styleDeclaration><styleBlock><styleBlock><padding><double value="1.2"/></padding></styleBlock></styleBlock><styleSelector><simpleSelector value="zText"/></styleSelector></styleDeclaration><styleDeclaration><styleBlock><styleBlock><color><color value="#333333"/></color><fontClass><string value="body"/></fontClass></styleBlock></styleBlock><styleSelector><simpleSelector value="zText.body"/></styleSelector></styleDeclaration><styleDeclaration><styleBlock><styleBlock><backgroundAlpha><double value="0.8"/></backgroundAlpha><backgroundColor><color value="#E4E4DD"/></backgroundColor><backgroundPadding><double value="8"/></backgroundPadding></styleBlock></styleBlock><styleSelector><simpleSelector value="zText.body-background"/></styleSelector></styleDeclaration><styleDeclaration><styleBlock><styleBlock><color><color value="#333333"/></color><fontClass><string value="head"/></fontClass></styleBlock></styleBlock><styleSelector><simpleSelector value="zText.title"/></styleSelector></styleDeclaration><styleDeclaration><styleBlock><styleBlock><backgroundAlpha><double value="0.8"/></backgroundAlpha><backgroundColor><color value="#FF7C00"/></backgroundColor><backgroundPadding><double value="6"/></backgroundPadding></styleBlock></styleBlock><styleSelector><simpleSelector value="zText.title-background"/></styleSelector></styleDeclaration><styleDeclaration><styleBlock><styleBlock><color><color value="#333333"/></color><fontClass><string value="strong"/></fontClass></styleBlock></styleBlock><styleSelector><simpleSelector value="zText.subtitle"/></styleSelector></styleDeclaration><styleDeclaration><styleBlock><styleBlock><backgroundAlpha><double value="0.8"/></backgroundAlpha><backgroundColor><color value="#D3E2EE"/></backgroundColor><backgroundPadding><double value="8"/></backgroundPadding></styleBlock></styleBlock><styleSelector><simpleSelector value="zText.subtitle-background"/></styleSelector></styleDeclaration><styleDeclaration><styleBlock><styleBlock><color><color value="#FFFFFF"/></color></styleBlock></styleBlock><styleSelector><simpleSelector value="zLine"/></styleSelector></styleDeclaration><styleDeclaration><styleBlock><styleBlock><alpha><double value="0.65"/></alpha><color><color value="#318BFF"/></color></styleBlock></styleBlock><styleSelector><simpleSelector value="zMarker"/></styleSelector></styleDeclaration><styleDeclaration><styleBlock><styleBlock><borderAlpha><double value="0"/></borderAlpha><borderThickness><double value="0"/></borderThickness><gradEndAlpha><double value="0.6"/></gradEndAlpha><gradStartAlpha><double value="0.6"/></gradStartAlpha><radius><double value="0"/></radius><thickness><double value="100"/></thickness></styleBlock></styleBlock><styleSelector><simpleSelector value="zTriangle"/></styleSelector></styleDeclaration><styleDeclaration><styleBlock><styleBlock><borderAlpha><double value="0"/></borderAlpha><borderThickness><double value="0"/></borderThickness><gradEndAlpha><double value="0.6"/></gradEndAlpha><gradStartAlpha><double value="0.6"/></gradStartAlpha><radius><double value="0"/></radius><thickness><double value="100"/></thickness></styleBlock></styleBlock><styleSelector><simpleSelector value="zSquare"/></styleSelector></styleDeclaration><styleDeclaration><styleBlock><styleBlock><borderColor><color value="#F6F6F6"/></borderColor><borderThickness><double value="-1"/></borderThickness></styleBlock></styleBlock><styleSelector><simpleSelector value="#168_45341393"/></styleSelector></styleDeclaration><styleDeclaration><styleBlock><styleBlock><borderColor><color value="#F6F6F6"/></borderColor><borderThickness><double value="1"/></borderThickness></styleBlock></styleBlock><styleSelector><simpleSelector value="#5_147914980"/></styleSelector></styleDeclaration><styleDeclaration><styleBlock><styleBlock><thickness><double value="8"/></thickness></styleBlock></styleBlock><styleSelector><simpleSelector value="#5_30863873"/></styleSelector></styleDeclaration><styleDeclaration><styleBlock><styleBlock><borderColor><color value="#F6F6F6"/></borderColor><borderThickness><double value="-1"/></borderThickness></styleBlock></styleBlock><styleSelector><simpleSelector value="#6"/></styleSelector></styleDeclaration><styleDeclaration><styleBlock><styleBlock><thickness><double value="8"/></thickness></styleBlock></styleBlock><styleSelector><simpleSelector value="#6_30863873"/></styleSelector></styleDeclaration><styleDeclaration><styleBlock><styleBlock><borderColor><color value="#F6F6F6"/></borderColor><borderThickness><double value="1"/></borderThickness></styleBlock></styleBlock><styleSelector><simpleSelector value="#7_30863873"/></styleSelector></styleDeclaration></array></styleDeclarations></documentStyle></documentStyle><path><array><flyToObject><target><ref value="65_45341393"/></target></flyToObject><flyToObject><target><ref value="168_45341393"/></target></flyToObject><flyToObject><target><ref value="2"/></target></flyToObject><flyToObject><target><ref value="37_147914980"/></target></flyToObject><flyToObject><target><ref value="2"/></target></flyToObject><flyToObject><target><ref value="7_147914980"/></target></flyToObject><flyToObject><target><ref value="10_147914980"/></target></flyToObject><flyToObject><target><ref value="61_45341393"/></target></flyToObject><flyToObject><target><ref value="0_147914980"/></target></flyToObject><flyToObject><target><ref value="7"/></target></flyToObject><flyToObject><target><ref value="10"/></target></flyToObject><flyToObject><target><ref value="41_147914980"/></target></flyToObject><flyToObject><target><ref value="10"/></target></flyToObject><flyToObject><target><ref value="6"/></target></flyToObject><flyToObject><target><ref value="18_147914980"/></target></flyToObject><flyToObject><target><ref value="21_147914980"/></target></flyToObject><flyToObject><target><ref value="27_147914980"/></target></flyToObject><flyToObject><target><ref value="23_147914980"/></target></flyToObject><flyToObject><target><ref value="25_147914980"/></target></flyToObject><flyToObject><target><ref value="61_147914980"/></target></flyToObject><flyToObject><target><ref value="25_147914980"/></target></flyToObject><flyToObject><target><ref value="57_147914980"/></target></flyToObject><flyToObject><target><ref value="25_147914980"/></target></flyToObject><flyToObject><target><ref value="7_30863873"/></target></flyToObject><flyToObject><target><ref value="44_147914980"/></target></flyToObject><flyToObject><target><ref value="43_147914980"/></target></flyToObject><flyToObject><target><ref value="44_147914980"/></target></flyToObject><flyToObject><target><ref value="47_147914980"/></target></flyToObject><flyToObject><target><ref value="53_147914980"/></target></flyToObject><flyToObject><target><ref value="47_147914980"/></target></flyToObject><flyToObject><target><ref value="39_147914980"/></target></flyToObject><flyToObject><target><ref value="47_147914980"/></target></flyToObject><flyToObject><target><ref value="49_147914980"/></target></flyToObject><flyToObject><target><ref value="59_147914980"/></target></flyToObject><flyToObject><target><ref value="49_147914980"/></target></flyToObject><flyToObject><target><ref value="55_147914980"/></target></flyToObject><flyToObject><target><ref value="49_147914980"/></target></flyToObject><flyToObject><target><ref value="51_147914980"/></target></flyToObject><flyToObject><target><ref value="5_147914980"/></target></flyToObject><flyToObject><target><ref value="29_147914980"/></target></flyToObject><flyToObject><target><ref value="32_147914980"/></target></flyToObject><flyToObject><target><ref value="65_45341393"/></target></flyToObject></array></path><zObjects><array><zSwfGraphics><assetSourceFilename><string value="petri.swf"/></assetSourceFilename><height><double value="2624"/></height><id><string value="12_30863873"/></id><localToWorld><transform2D x="-68784.42312629876" y="-52111.91367304492" scale="6.684112450625267" rotation="0"/></localToWorld><onlineAssetId><string value="1601118268"/></onlineAssetId><onlineAssetUrl><string value="http://0103.static.prezi.com.s3.amazonaws.com/media/0/c/1/32a6923536e914e570c3bb505617800173f26.swf"/></onlineAssetUrl><swfBoundsLeft><double value="480"/></swfBoundsLeft><swfBoundsTop><double value="160.3"/></swfBoundsTop><width><double value="2132"/></width></zSwfGraphics><zInvisibleFrame><height><double value="711.6926525417163"/></height><id><string value="65_45341393"/></id><localToWorld><transform2D x="-4.952696110795089E-12" y="2.731508320614183E-12" scale="181.54890072951667" rotation="0"/></localToWorld><styleClasses><array><token value="invisible"/></array></styleClasses><width><double value="909.0980264130392"/></width></zInvisibleFrame><zCircle><id><string value="168_45341393"/></id><localToWorld><transform2D x="-13684.95142351918" y="-1499.8605848451577" scale="69.93821005743283" rotation="0"/></localToWorld><radius><double value="146.94978781563685"/></radius><styleClasses><array><token value="poly4"/></array></styleClasses></zCircle><zCircle><id><string value="6"/></id><localToWorld><transform2D x="19736.747128372524" y="9021.088965240977" scale="70.31335634047929" rotation="0"/></localToWorld><radius><double value="146.94978781563685"/></radius><styleClasses><array><token value="poly5"/></array></styleClasses></zCircle><zSwfGraphics><assetSourceFilename><string value="Petri Dish Bug 03.swf"/></assetSourceFilename><height><double value="15"/></height><id><string value="80_45341393"/></id><localToWorld><transform2D x="22977.13475420808" y="728.3075337742818" scale="52.91601501086325" rotation="2.0267421375006"/></localToWorld><onlineAssetId><string value="1340101968"/></onlineAssetId><onlineAssetUrl><string value="http://0103.static.prezi.com.s3.amazonaws.com/media/9/1/9/8d91d3814cf550c6509650b5427aef493a1f1.swf"/></onlineAssetUrl><swfBoundsLeft><double value="87.1"/></swfBoundsLeft><swfBoundsTop><double value="1492.5"/></swfBoundsTop><width><double value="32"/></width></zSwfGraphics><zSwfGraphics><assetSourceFilename><string value="Petri Dish Bug 01.swf"/></assetSourceFilename><height><double value="15"/></height><id><string value="81_45341393"/></id><localToWorld><transform2D x="7123.88558136641" y="5255.008282247616" scale="78.43604629327439" rotation="-1.3701218658884926"/></localToWorld><onlineAssetId><string value="1340102573"/></onlineAssetId><onlineAssetUrl><string value="http://0103.static.prezi.com.s3.amazonaws.com/media/9/5/7/e33788998680df400f04abe95f73d74dfde52.swf"/></onlineAssetUrl><swfBoundsLeft><double value="64.55"/></swfBoundsLeft><swfBoundsTop><double value="1472.5"/></swfBoundsTop><width><double value="32"/></width></zSwfGraphics><zSwfGraphics><assetSourceFilename><string value="Petri Dish Bug 02.swf"/></assetSourceFilename><height><double value="15"/></height><id><string value="86_45341393"/></id><localToWorld><transform2D x="-21388.49214608262" y="7767.765867747929" scale="96.69282752293235" rotation="-0.16604298277543816"/></localToWorld><onlineAssetId><string value="1340101448"/></onlineAssetId><onlineAssetUrl><string value="http://0103.static.prezi.com.s3.amazonaws.com/media/1/c/6/3f66a623992e1746b0bad66a774759f892af3.swf"/></onlineAssetUrl><swfBoundsLeft><double value="86.55"/></swfBoundsLeft><swfBoundsTop><double value="1492.5"/></swfBoundsTop><width><double value="32"/></width></zSwfGraphics><zSwfGraphics><assetSourceFilename><string value="Petri Dish Bug Green 03.swf"/></assetSourceFilename><height><double value="15"/></height><id><string value="358_45341393"/></id><localToWorld><transform2D x="-4583.068992560492" y="14580.196512422004" scale="135.6476698013275" rotation="-0.26729359727185786"/></localToWorld><onlineAssetId><string value="1340916678"/></onlineAssetId><onlineAssetUrl><string value="http://0103.static.prezi.com.s3.amazonaws.com/media/2/2/0/dafff7aad72230a10808b3ce2d59e1fba8325.swf"/></onlineAssetUrl><swfBoundsLeft><double value="997.35"/></swfBoundsLeft><swfBoundsTop><double value="1486.4"/></swfBoundsTop><width><double value="32"/></width></zSwfGraphics><zSwfGraphics><assetSourceFilename><string value="Petri Dish Bug Green 02.swf"/></assetSourceFilename><height><double value="15"/></height><id><string value="359_45341393"/></id><localToWorld><transform2D x="-5740.755932276143" y="34548.450644188764" scale="81.83790109637776" rotation="1.304597298615756"/></localToWorld><onlineAssetId><string value="1340917943"/></onlineAssetId><onlineAssetUrl><string value="http://0103.static.prezi.com.s3.amazonaws.com/media/1/d/b/9cb90504d2a5e5a3035ce76a82597ad15de08.swf"/></onlineAssetUrl><swfBoundsLeft><double value="1025.45"/></swfBoundsLeft><swfBoundsTop><double value="1503.4"/></swfBoundsTop><width><double value="32"/></width></zSwfGraphics><zCircle><id><string value="7_30863873"/></id><localToWorld><transform2D x="13708.777803120907" y="43019.62959015246" scale="140.23039908754157" rotation="0"/></localToWorld><radius><double value="75.57950114854279"/></radius><styleClasses><array><token value="poly1"/><token value="poly2"/></array></styleClasses></zCircle><zSwfGraphics><assetSourceFilename><string value="Petri Dish Bug Green 01.swf"/></assetSourceFilename><height><double value="15"/></height><id><string value="360_45341393"/></id><localToWorld><transform2D x="10170.763789454904" y="34991.21405143376" scale="75.42618643662911" rotation="-2.0521767600367236"/></localToWorld><onlineAssetId><string value="1340919248"/></onlineAssetId><onlineAssetUrl><string value="http://0103.static.prezi.com.s3.amazonaws.com/media/7/b/7/a70cc32bcfd5bd68fe1986ce75c36098ddcdb.swf"/></onlineAssetUrl><swfBoundsLeft><double value="975.85"/></swfBoundsLeft><swfBoundsTop><double value="1477.6"/></swfBoundsTop><width><double value="32"/></width></zSwfGraphics><zSwfGraphics><assetSourceFilename><string value="Petri Dish Bug Yellow 01.swf"/></assetSourceFilename><height><double value="15"/></height><id><string value="361_45341393"/></id><localToWorld><transform2D x="4970.87395403705" y="20075.77382827408" scale="115.4954421422061" rotation="0.6757559833185844"/></localToWorld><onlineAssetId><string value="1340922228"/></onlineAssetId><onlineAssetUrl><string value="http://0103.static.prezi.com.s3.amazonaws.com/media/f/5/a/864d5053844bd3f6e5b86036ba083ee0fb356.swf"/></onlineAssetUrl><swfBoundsLeft><double value="1025.5"/></swfBoundsLeft><swfBoundsTop><double value="1503.5"/></swfBoundsTop><width><double value="32"/></width></zSwfGraphics><zSwfGraphics><assetSourceFilename><string value="Petri Dish Bug Yellow 02.swf"/></assetSourceFilename><height><double value="15"/></height><id><string value="362_45341393"/></id><localToWorld><transform2D x="27739.111620026528" y="23057.728582479507" scale="142.2695530519536" rotation="-0.9058125324117992"/></localToWorld><onlineAssetId><string value="1340924473"/></onlineAssetId><onlineAssetUrl><string value="http://0103.static.prezi.com.s3.amazonaws.com/media/e/b/f/bd427a5f9b04c218743ba07789386bd0665c5.swf"/></onlineAssetUrl><swfBoundsLeft><double value="1025.5"/></swfBoundsLeft><swfBoundsTop><double value="1503.5"/></swfBoundsTop><width><double value="32"/></width></zSwfGraphics><zSwfGraphics><assetSourceFilename><string value="Petri Dish Bug Yellow 03.swf"/></assetSourceFilename><height><double value="15"/></height><id><string value="363_45341393"/></id><localToWorld><transform2D x="13722.19265550171" y="-12708.470303202806" scale="123.58403645353287" rotation="-0.26729359727185786"/></localToWorld><onlineAssetId><string value="1340926688"/></onlineAssetId><onlineAssetUrl><string value="http://0103.static.prezi.com.s3.amazonaws.com/media/4/1/5/6eee0287c046ecc5c8324c3120c5e36fdd92d.swf"/></onlineAssetUrl><swfBoundsLeft><double value="1026.05"/></swfBoundsLeft><swfBoundsTop><double value="1503.5"/></swfBoundsTop><width><double value="32"/></width></zSwfGraphics><zCircleFrame><height><double value="800"/></height><id><string value="61_45341393"/></id><localToWorld><transform2D x="-6569.494682711703" y="-454.0327083300775" scale="5.526250155241502" rotation="0"/></localToWorld><styleClasses><array><token value="circle"/></array></styleClasses><width><double value="800"/></width></zCircleFrame><zText><id><string value="62_45341393"/></id><localToWorld><transform2D x="-6628.246629364618" y="-1861.4746618921633" scale="12.183020445109197" rotation="0"/></localToWorld><styleClasses><array><token value="subtitle"/></array></styleClasses><text><text><width>176.93123186725066</width><p align="center"><span><![CDATA[When should I use them?]]></span></p></text></text></zText><zText><id><string value="63_45341393"/></id><localToWorld><transform2D x="-6250.395389708637" y="-241.29984632803314" scale="7.029541305436785" rotation="0"/></localToWorld><styleClasses><array><token value="body"/></array></styleClasses><text><text><width>467.738319828156</width><p><span><![CDATA[I have an application that requires asynchronous communication]]></span></p><p/><p><span><![CDATA[I have a real-time application]]></span></p><p/><p><span><![CDATA[My server needs to be able to push me messages]]></span></p><p/><p><span><![CDATA[I have large amounts of data I need to move]]></span></p><p/><p><span><![CDATA[I want persistent connections]]></span></p></text></text></zText><zText><id><string value="0_30863873"/></id><localToWorld><transform2D x="-14535.732556511113" y="-2189.9328622667595" scale="75.8600538857527" rotation="0"/></localToWorld><styleClasses><array><token value="title"/></array></styleClasses><text><text><width>125.46957175056347</width><p align="center"><span><![CDATA[The what]]></span></p></text></text></zText><zText><id><string value="2_30863873"/></id><localToWorld><transform2D x="18893.81386683226" y="565.527310108669" scale="62.62558802709821" rotation="0"/></localToWorld><styleClasses><array><token value="title"/></array></styleClasses><text><text><width>100.65701475827416</width><p align="center"><span><![CDATA[The how]]></span></p></text></text></zText><zText><id><string value="4_30863873"/></id><localToWorld><transform2D x="-1854.8294620387176" y="-54661.400966992245" scale="324.8254992365506" rotation="0"/></localToWorld><styleClasses><array><token value="title"/></array></styleClasses><text><text><width>354.3878919210226</width><p><span><![CDATA[Beyond HTTP: WebSockets]]></span></p></text></text></zText><zLine><id><string value="5_30863873"/></id><localToWorld><transform2D x="-50142.672636063384" y="-8821.331784070657" scale="26.905735947302823" rotation="1.1844306036613699"/></localToWorld><startEndDistance><double value="3111.1933060097813"/></startEndDistance><styleClasses><array><token value="line1"/></array></styleClasses></zLine><zLine><id><string value="6_30863873"/></id><localToWorld><transform2D x="-27148.642841512898" y="-35794.051390825625" scale="26.90573594730279" rotation="0.30352073438141114"/></localToWorld><startEndDistance><double value="2943.077085277871"/></startEndDistance><styleClasses><array><token value="line1"/></array></styleClasses></zLine><zSwfGraphics><assetSourceFilename><string value="Petri Dish Bug Green 03.swf"/></assetSourceFilename><height><double value="15"/></height><id><string value="10_30863873"/></id><localToWorld><transform2D x="-28884.52871866036" y="16024.64446680217" scale="96.89119271523398" rotation="1.6372134652585475"/></localToWorld><onlineAssetId><string value="1340916678"/></onlineAssetId><onlineAssetUrl><string value="http://0103.static.prezi.com.s3.amazonaws.com/media/2/2/0/dafff7aad72230a10808b3ce2d59e1fba8325.swf"/></onlineAssetUrl><swfBoundsLeft><double value="997.35"/></swfBoundsLeft><swfBoundsTop><double value="1486.4"/></swfBoundsTop><width><double value="32"/></width></zSwfGraphics><zSwfGraphics><assetSourceFilename><string value="Petri Dish Bug Yellow 03.swf"/></assetSourceFilename><height><double value="15"/></height><id><string value="11_30863873"/></id><localToWorld><transform2D x="-9554.44064068896" y="-2027.0402707909082" scale="46.783879734789615" rotation="0.25644905518475014"/></localToWorld><onlineAssetId><string value="1340926688"/></onlineAssetId><onlineAssetUrl><string value="http://0103.static.prezi.com.s3.amazonaws.com/media/4/1/5/6eee0287c046ecc5c8324c3120c5e36fdd92d.swf"/></onlineAssetUrl><swfBoundsLeft><double value="1026.05"/></swfBoundsLeft><swfBoundsTop><double value="1503.5"/></swfBoundsTop><width><double value="32"/></width></zSwfGraphics><zCircleFrame><height><double value="800"/></height><id><string value="2"/></id><localToWorld><transform2D x="-19072.260838704708" y="-6045.867938098099" scale="5.263370422241261" rotation="0"/></localToWorld><styleClasses><array><token value="circle"/></array></styleClasses><width><double value="800"/></width></zCircleFrame><zText><id><string value="3"/></id><localToWorld><transform2D x="-19072.260838704708" y="-7467.400295919261" scale="11.603482951912445" rotation="0"/></localToWorld><styleClasses><array><token value="subtitle"/></array></styleClasses><text><text><width>251.95007417896505</width><p align="center"><span><![CDATA[What are WebSockets?]]></span></p></text></text></zText><zText><id><string value="4"/></id><localToWorld><transform2D x="-18487.444082847247" y="-5850.5352661342085" scale="6.695151096963379" rotation="0"/></localToWorld><styleClasses><array><token value="body"/></array></styleClasses><text><text><width>488.5266895982964</width><p><span><![CDATA[IETF Protocol (RFC 6455, ]]></span></p><p><span><![CDATA[December '11)]]></span></p><p/><p><span><![CDATA[Full-duplex (bidirectional) ]]></span></p><p><span><![CDATA[communication over TCP]]></span></p><p/><p><span><![CDATA[No request / response model, ]]></span></p><p><span><![CDATA[server can also send messages]]></span></p><p/><p><span><![CDATA[Handshake (initial request) ]]></span></p><p><span><![CDATA[very similar to HTTP ]]></span></p><p/><p><span><![CDATA[URI scheme is ws://, or wss:// ]]></span></p><p><span><![CDATA[(for encrypted connections)]]></span></p></text></text></zText><zCircleFrame><height><double value="800"/></height><id><string value="7"/></id><localToWorld><transform2D x="-16370.24958719017" y="4318.781002730074" scale="5.160115971075156" rotation="0"/></localToWorld><styleClasses><array><token value="circle"/></array></styleClasses><width><double value="800"/></width></zCircleFrame><zText><id><string value="8"/></id><localToWorld><transform2D x="-16395.24710450363" y="2982.427239324327" scale="11.375851003617088" rotation="0"/></localToWorld><styleClasses><array><token value="subtitle"/></array></styleClasses><text><text><width>158.53038375305664</width><p align="center"><span><![CDATA[Where can I use them?]]></span></p></text></text></zText><zText><id><string value="9"/></id><localToWorld><transform2D x="-16302.17507134952" y="4444.445343355568" scale="6.563808611724286" rotation="0"/></localToWorld><styleClasses><array><token value="body"/></array></styleClasses><text><text><width>390.9237784827681</width><p><span><![CDATA[tl;dr: Everywhere]]></span></p><p/><p><span><![CDATA[Browsers (since): IE10, FF11, Chrome 16, Safari 6, Opera 12.1, Android Browser 4.4]]></span></p><p/><p><span><![CDATA[Servers: Most servers for most programming languages offer either native, or plug-in support]]></span></p></text></text></zText><zCircleFrame><height><double value="800"/></height><id><string value="10"/></id><localToWorld><transform2D x="-20570.65994742054" y="-317.2758684716205" scale="5.247685492141997" rotation="0"/></localToWorld><styleClasses><array><token value="circle"/></array></styleClasses><width><double value="800"/></width></zCircleFrame><zText><id><string value="11"/></id><localToWorld><transform2D x="-20596.081684001798" y="-1676.3081646261066" scale="11.56890438259123" rotation="0"/></localToWorld><styleClasses><array><token value="subtitle"/></array></styleClasses><text><text><width>158.53038375305664</width><p align="center"><span><![CDATA[How can I use them?]]></span></p></text></text></zText><zText><id><string value="12"/></id><localToWorld><transform2D x="-20521.277652565357" y="-266.7688795415727" scale="6.675199436993537" rotation="0"/></localToWorld><styleClasses><array><token value="body"/></array></styleClasses><text><text><width>495.9903636232183</width><p><span><![CDATA[Browser: ]]></span></p><p indent="2" listType="bullet"><span><![CDATA[Simply instantiate a WebSocket object with URL and an array of sub-protocols]]></span></p><p indent="2" listType="bullet"><span><![CDATA[Available methods: onOpen, onMessage, onError, onClose, open, send, close]]></span></p><p/><p><span><![CDATA[Server: depending on particular webserver, but usually same API as client-side is offered]]></span></p></text></text></zText><zText><id><string value="13"/></id><localToWorld><transform2D x="14725.83449381787" y="35094.751177240134" scale="75.8600538857527" rotation="0"/></localToWorld><styleClasses><array><token value="title"/></array></styleClasses><text><text><width>-97.32421875</width><p><span><![CDATA[The who]]></span></p></text></text></zText><zCircleFrame><height><double value="800"/></height><id><string value="0_147914980"/></id><localToWorld><transform2D x="-10083.5376588969" y="4318.781002730074" scale="5.1004630419086725" rotation="0"/></localToWorld><styleClasses><array><token value="circle"/></array></styleClasses><width><double value="800"/></width></zCircleFrame><zText><id><string value="1_147914980"/></id><localToWorld><transform2D x="-10138.240394840283" y="3076.1171845495624" scale="11.244341782132317" rotation="0"/></localToWorld><styleClasses><array><token value="subtitle"/></array></styleClasses><text><text><width>192.59477597081997</width><p align="center"><span><![CDATA[When shouldn't I use them?]]></span></p></text></text></zText><zText><id><string value="2_147914980"/></id><localToWorld><transform2D x="-9986.444436993765" y="4465.421771736852" scale="6.487928454694413" rotation="0"/></localToWorld><styleClasses><array><token value="body"/></array></styleClasses><text><text><width>467.738319828156</width><p><span><![CDATA[I already have an HTTP application that works]]></span></p><p/><p><span><![CDATA[My model is strictly request/response]]></span></p><p/><p><span><![CDATA[I have a lot of data I need to cache]]></span></p><p/><p><span><![CDATA[Data sent or received is small]]></span></p><p/><p><span><![CDATA[I have no need for ultra-fast communication]]></span></p><p/><p><span><![CDATA[My users use stone-age era browsers]]></span></p></text></text></zText><zText><id><string value="3_147914980"/></id><localToWorld><transform2D x="11245.850157935098" y="-13733.221138922147" scale="52.67029858913889" rotation="0"/></localToWorld><styleClasses><array><token value="body"/></array></styleClasses></zText><zCircle><id><string value="5_147914980"/></id><localToWorld><transform2D x="-20246.015567797807" y="32226.279630567864" scale="127.34254495644954" rotation="0"/></localToWorld><radius><double value="75.57950114854279"/></radius><styleClasses><array><token value="poly2"/><token value="poly3"/></array></styleClasses></zCircle><zSwfGraphics><assetSourceFilename><string value="Petri Dish Bug Green 01.swf"/></assetSourceFilename><height><double value="15"/></height><id><string value="4_147914980"/></id><localToWorld><transform2D x="-25761.722334760107" y="25833.00125188799" scale="47.06465012275785" rotation="-1.1656505905396"/></localToWorld><onlineAssetId><string value="1340919248"/></onlineAssetId><onlineAssetUrl><string value="http://0103.static.prezi.com.s3.amazonaws.com/media/7/b/7/a70cc32bcfd5bd68fe1986ce75c36098ddcdb.swf"/></onlineAssetUrl><swfBoundsLeft><double value="975.85"/></swfBoundsLeft><swfBoundsTop><double value="1477.6"/></swfBoundsTop><width><double value="32"/></width></zSwfGraphics><zText><id><string value="6_147914980"/></id><localToWorld><transform2D x="-19418.395293675494" y="26001.587904196032" scale="68.88814682980808" rotation="0"/></localToWorld><styleClasses><array><token value="title"/></array></styleClasses><text><text><width>-154.65234375</width><p><span><![CDATA[The unknown]]></span></p></text></text></zText><zCircleFrame><height><double value="800"/></height><id><string value="18_147914980"/></id><localToWorld><transform2D x="15586.452495983665" y="4440.417431388666" scale="6.20791745901978" rotation="0"/></localToWorld><styleClasses><array><token value="circle"/></array></styleClasses><width><double value="800"/></width></zCircleFrame><zCircleFrame><height><double value="800"/></height><id><string value="21_147914980"/></id><localToWorld><transform2D x="24349.14482043682" y="4456.569099051231" scale="6.041642818768669" rotation="0"/></localToWorld><styleClasses><array><token value="circle"/></array></styleClasses><width><double value="800"/></width></zCircleFrame><zText><id><string value="19_147914980"/></id><localToWorld><transform2D x="15585.69271662214" y="2664.404038967837" scale="13.685805600576023" rotation="0"/></localToWorld><styleClasses><array><token value="subtitle"/></array></styleClasses><text><text><width>176.93123186725066</width><p align="center"><span><![CDATA[Existing libraries]]></span></p></text></text></zText><zText><id><string value="22_147914980"/></id><localToWorld><transform2D x="24349.14482043682" y="2728.214884606702" scale="13.319241061371969" rotation="0"/></localToWorld><styleClasses><array><token value="subtitle"/></array></styleClasses><text><text><width>194.97134998635156</width><p align="center"><span><![CDATA[Custom implementation]]></span></p></text></text></zText><zCircleFrame><height><double value="800"/></height><id><string value="23_147914980"/></id><localToWorld><transform2D x="24496.872596615663" y="13765.652092609798" scale="5.7684923349099435" rotation="0"/></localToWorld><styleClasses><array><token value="circle"/></array></styleClasses><width><double value="800"/></width></zCircleFrame><zText><id><string value="24_147914980"/></id><localToWorld><transform2D x="24496.872596615674" y="12307.80051818773" scale="12.717060950816167" rotation="0"/></localToWorld><styleClasses><array><token value="subtitle"/></array></styleClasses><text><text><width>194.97134998635156</width><p align="center"><span><![CDATA[Communication protocol]]></span></p></text></text></zText><zCircleFrame><height><double value="800"/></height><id><string value="25_147914980"/></id><localToWorld><transform2D x="15190.194473832105" y="13765.136763158007" scale="6.076292674105358" rotation="0"/></localToWorld><styleClasses><array><token value="circle"/></array></styleClasses><width><double value="800"/></width></zCircleFrame><zText><id><string value="26_147914980"/></id><localToWorld><transform2D x="15189.16381492853" y="11819.939859147209" scale="13.395629187882413" rotation="0"/></localToWorld><styleClasses><array><token value="subtitle"/></array></styleClasses><text><text><width>194.97134998635156</width><p align="center"><span><![CDATA[Errors]]></span></p></text></text></zText><zCircleFrame><height><double value="800"/></height><id><string value="27_147914980"/></id><localToWorld><transform2D x="20109.357644103853" y="9524.662480889327" scale="6.032842645217223" rotation="0"/></localToWorld><styleClasses><array><token value="circle"/></array></styleClasses><width><double value="800"/></width></zCircleFrame><zText><id><string value="28_147914980"/></id><localToWorld><transform2D x="20109.35764410386" y="8000.002545858341" scale="13.299840438655666" rotation="0"/></localToWorld><styleClasses><array><token value="subtitle"/></array></styleClasses><text><text><width>194.97134998635156</width><p align="center"><span><![CDATA[Reinventing ]]></span></p><p align="center"><span><![CDATA[the wheel]]></span></p></text></text></zText><zCircleFrame><height><double value="800"/></height><id><string value="29_147914980"/></id><localToWorld><transform2D x="-26007.474996286375" y="32439.473660519885" scale="6.391832556018954" rotation="0"/></localToWorld><styleClasses><array><token value="circle"/></array></styleClasses><width><double value="800"/></width></zCircleFrame><zText><id><string value="30_147914980"/></id><localToWorld><transform2D x="-26015.255303292088" y="30562.312505665217" scale="14.091259809843054" rotation="0"/></localToWorld><styleClasses><array><token value="subtitle"/></array></styleClasses><text><text><width>194.97134998635156</width><p align="center"><span><![CDATA[Where is it?]]></span></p></text></text></zText><zText><id><string value="31_147914980"/></id><localToWorld><transform2D x="-25271.620089486267" y="32473.198392085513" scale="10.18006003619806" rotation="0"/></localToWorld><styleClasses><array><token value="body"/></array></styleClasses><text><text><width>470.0560616836451</width><p><span><![CDATA[Code]]></span></p><p><span><![CDATA[github.com/Andrei-Straut/gaps]]></span></p><p/><p><span><![CDATA[Running version]]></span></p><p><span><![CDATA[gaps.azurewebsites.net]]></span></p><p/><p/></text></text></zText><zCircleFrame><height><double value="800"/></height><id><string value="32_147914980"/></id><localToWorld><transform2D x="-14633.982218870366" y="32439.473660519885" scale="6.3661372568531345" rotation="0"/></localToWorld><styleClasses><array><token value="circle"/></array></styleClasses><width><double value="800"/></width></zCircleFrame><zText><id><string value="33_147914980"/></id><localToWorld><transform2D x="-14634.789409496461" y="32211.589832123806" scale="27.349489670264692" rotation="0"/></localToWorld><styleClasses><array><token value="subtitle"/></array></styleClasses><text><text><width>194.97134998635156</width><p align="center"><span><![CDATA[Questions?]]></span></p></text></text></zText><zCircleFrame><height><double value="800"/></height><id><string value="44_147914980"/></id><localToWorld><transform2D x="9622.854033939848" y="39427.25225557871" scale="7.895524541817412" rotation="0"/></localToWorld><styleClasses><array><token value="circle"/></array></styleClasses><width><double value="800"/></width></zCircleFrame><zText><id><string value="45_147914980"/></id><localToWorld><transform2D x="9666.502359596801" y="37043.01252198689" scale="17.406258170667144" rotation="0"/></localToWorld><styleClasses><array><token value="subtitle"/></array></styleClasses><text><text><width>176.93123186725066</width><p align="center"><span><![CDATA[Connection]]></span></p></text></text></zText><zCircleFrame><height><double value="800"/></height><id><string value="47_147914980"/></id><localToWorld><transform2D x="17584.468811110204" y="39427.25225557871" scale="7.895524541817413" rotation="0"/></localToWorld><styleClasses><array><token value="circle"/></array></styleClasses><width><double value="800"/></width></zCircleFrame><zText><id><string value="48_147914980"/></id><localToWorld><transform2D x="17628.117136767156" y="37043.01252198691" scale="17.40625817066715" rotation="0"/></localToWorld><styleClasses><array><token value="subtitle"/></array></styleClasses><text><text><width>176.93123186725066</width><p align="center"><span><![CDATA[Messages]]></span></p></text></text></zText><zCircleFrame><height><double value="800"/></height><id><string value="49_147914980"/></id><localToWorld><transform2D x="17583.212671445533" y="48384.45400473555" scale="7.895524541817412" rotation="0"/></localToWorld><styleClasses><array><token value="circle"/></array></styleClasses><width><double value="800"/></width></zCircleFrame><zText><id><string value="50_147914980"/></id><localToWorld><transform2D x="17582.01134138158" y="46247.88848599539" scale="17.40625817066715" rotation="0"/></localToWorld><styleClasses><array><token value="subtitle"/></array></styleClasses><text><text><width>176.93123186725066</width><p align="center"><span><![CDATA[Data exchange]]></span></p></text></text></zText><zCircleFrame><height><double value="800"/></height><id><string value="51_147914980"/></id><localToWorld><transform2D x="9623.605735632356" y="48384.45400473555" scale="7.895524541817412" rotation="0"/></localToWorld><styleClasses><array><token value="circle"/></array></styleClasses><width><double value="800"/></width></zCircleFrame><zText><id><string value="52_147914980"/></id><localToWorld><transform2D x="9622.60462724573" y="46119.14594747507" scale="17.40625817066715" rotation="0"/></localToWorld><styleClasses><array><token value="subtitle"/></array></styleClasses><text><text><width>176.93123186725066</width><p align="center"><span><![CDATA[State management]]></span></p></text></text></zText><zCircleFrame><height><double value="800"/></height><id><string value="7_147914980"/></id><localToWorld><transform2D x="-13834.929728258665" y="-9279.1035364406" scale="5.263370422241261" rotation="0"/></localToWorld><styleClasses><array><token value="circle"/></array></styleClasses><width><double value="800"/></width></zCircleFrame><zText><id><string value="8_147914980"/></id><localToWorld><transform2D x="-13835.081680302954" y="-10597.439472676126" scale="11.603482951912445" rotation="0"/></localToWorld><styleClasses><array><token value="subtitle"/></array></styleClasses><text><text><width>251.95007417896505</width><p align="center"><span><![CDATA[How are they ]]></span></p><p align="center"><span><![CDATA[like HTTP?]]></span></p></text></text></zText><zText><id><string value="9_147914980"/></id><localToWorld><transform2D x="-13451.40276847784" y="-9103.598925288912" scale="6.6951510969633805" rotation="0"/></localToWorld><styleClasses><array><token value="body"/></array></styleClasses><text><text><width>488.5266895982964</width><p><span><![CDATA[Both use TCP as transport medium]]></span></p><p/><p><span><![CDATA[Both communicate over port 80 (consequence of TCP)]]></span></p><p/><p><span><![CDATA[Handshake is similar]]></span></p><p/><p><span><![CDATA[For strict request/response applications, usage is quite similar]]></span></p></text></text></zText><zCircleFrame><height><double value="800"/></height><id><string value="10_147914980"/></id><localToWorld><transform2D x="-8449.141470544051" y="-6044.6523217438025" scale="5.263370422241261" rotation="0"/></localToWorld><styleClasses><array><token value="circle"/></array></styleClasses><width><double value="800"/></width></zCircleFrame><zText><id><string value="11_147914980"/></id><localToWorld><transform2D x="-8449.267286439897" y="-7288.209058212586" scale="11.603482951912445" rotation="0"/></localToWorld><styleClasses><array><token value="subtitle"/></array></styleClasses><text><text><width>251.95007417896505</width><p align="center"><span><![CDATA[How are they not ]]></span></p><p align="center"><span><![CDATA[like HTTP?]]></span></p></text></text></zText><zText><id><string value="12_147914980"/></id><localToWorld><transform2D x="-8248.363205297652" y="-5863.762055396733" scale="6.6951510969633805" rotation="0"/></localToWorld><styleClasses><array><token value="body"/></array></styleClasses><text><text><width>488.5266895982964</width><p><span><![CDATA[WebSockets are natively bidirectional]]></span></p><p/><p><span><![CDATA[HTTP is request / response paradigm, WebSockets are message-based]]></span></p><p/><p><span><![CDATA[Lower latency for WebSockets]]></span></p><p/><p><span><![CDATA[The same connection may be used for the entire usage cycle]]></span></p><p/><p><span><![CDATA[Security implementation may be different]]></span></p></text></text></zText><zText><id><string value="13_147914980"/></id><localToWorld><transform2D x="15736.393599460245" y="4400.848355631142" scale="7.8257894127966425" rotation="0"/></localToWorld><styleClasses><array><token value="body"/></array></styleClasses><text><text><width>488.5266895982964</width><p><span><![CDATA[Most JS libraries / frameworks require ]]></span></p><p><span><![CDATA[server counterparts]]></span></p><p/><p><span><![CDATA[Most widely used Socket.IO, sockJS, Pusher, X-Sockets]]></span></p><p/><p><span><![CDATA[Lightweight services available for AngularJS, i.e. ng-websocket]]></span></p><p/><p><span><![CDATA[Most libraries offer "extra" features on top of Websocket support (e.g. auto-reconnect)]]></span></p></text></text></zText><zText><id><string value="14_147914980"/></id><localToWorld><transform2D x="24467.906442462412" y="4522.637381314984" scale="7.61618122649528" rotation="0"/></localToWorld><styleClasses><array><token value="body"/></array></styleClasses><text><text><width>488.5266895982964</width><p><span><![CDATA[More granular control over behavior]]></span></p><p/><p><span><![CDATA[Not very expensive in terms of implementation]]></span></p><p/><p><span><![CDATA[Custom data protocol is easy to implement and handle]]></span></p><p/><p><span><![CDATA[Can be problematic for fallback mechanisms]]></span></p><p/><p><span><![CDATA[Problems with hybrid models (request/response + unrequested messages)]]></span></p></text></text></zText><zText><id><string value="15_147914980"/></id><localToWorld><transform2D x="20286.167094523516" y="9598.7150114443" scale="7.605087602028737" rotation="0"/></localToWorld><styleClasses><array><token value="body"/></array></styleClasses><text><text><width>488.5266895982964</width><p><span><![CDATA[GAPS uses its own AngularJS WebSocket factory]]></span></p><p/><p><span><![CDATA[Communication is JSON with well-defined structure]]></span></p><p/><p><span><![CDATA[Messages have an internal HTTP-style status for easy separation of success / error]]></span></p><p/><p><span><![CDATA[IDs allow for easy separation between requested and unrequested messages]]></span></p></text></text></zText><zText><id><string value="16_147914980"/></id><localToWorld><transform2D x="24635.10445099814" y="14058.222835860899" scale="7.271843825298675" rotation="0"/></localToWorld><styleClasses><array><token value="body"/></array></styleClasses><text><text><width>488.5266895982964</width><p><span><![CDATA[Message data type is the developer's choice - JSON, text, binary, anything can be used]]></span></p><p/><p><span><![CDATA[Message format is entirely defined by application]]></span></p><p/><p><span><![CDATA[Server errors and exceptions are also the developer's choice to handle]]></span></p><p/><p><span><![CDATA[All in all, greater flexibility, but also few things out-of-the-box]]></span></p><p/></text></text></zText><zText><id><string value="17_147914980"/></id><localToWorld><transform2D x="15397.19546412942" y="13812.016870342948" scale="7.659861329015781" rotation="0"/></localToWorld><styleClasses><array><token value="body"/></array></styleClasses><text><text><width>488.5266895982964</width><p><span><![CDATA[Server errors and exceptions are not automatically returned]]></span></p><p/><p><span><![CDATA[Great care must be taken with error reporting and exception handling]]></span></p><p/><p><span><![CDATA[Push message availability offers greater flexibility than HTTP status codes]]></span></p><p/><p/></text></text></zText><zText><id><string value="20_147914980"/></id><localToWorld><transform2D x="17786.59602841734" y="39573.351038086854" scale="9.497233565672365" rotation="0"/></localToWorld><styleClasses><array><token value="body"/></array></styleClasses><text><text><width>488.5266895982964</width><p><span><![CDATA[All messages have mandatory fields]]></span></p><p/><p><span><![CDATA[Custom parameters are wrapped in a special field and sent along with each message]]></span></p><p/><p><span><![CDATA[Message types are separated into categories and parsed accordingly on the server]]></span></p><p/><p><span><![CDATA[Multiple messages from server to client preferred over message streaming]]></span></p><p/><p/></text></text></zText><zText><id><string value="34_147914980"/></id><localToWorld><transform2D x="9730.450708636132" y="39356.740891852525" scale="9.497233565672365" rotation="0"/></localToWorld><styleClasses><array><token value="body"/></array></styleClasses><text><text><width>488.5266895982964</width><p><span><![CDATA[Handshake is normal, plain WebSocket]]></span></p><p/><p><span><![CDATA[After connection, server sends an acknowledge message]]></span></p><p/><p><span><![CDATA[Initial confirmation conforms to GAPS message protocol]]></span></p><p/><p><span><![CDATA[After connection, server enters idle mode waiting for further commands]]></span></p></text></text></zText><zText><id><string value="35_147914980"/></id><localToWorld><transform2D x="17566.38762502721" y="48398.44419039095" scale="9.497233565672365" rotation="0"/></localToWorld><styleClasses><array><token value="body"/></array></styleClasses><text><text><width>488.5266895982964</width><p><span><![CDATA[All messages must have a predefined list of fields]]></span></p><p/><p><span><![CDATA[Invalid messages due to missing fields cause a reply back to client with an error message]]></span></p><p/><p><span><![CDATA[Valid messages with data lead to an action being taken on a server]]></span></p><p/><p><span><![CDATA[Whenever a message is received and processed, server pushes back a response]]></span></p><p/><p><span><![CDATA[Response data is rendered back on the client]]></span></p></text></text></zText><zText><id><string value="36_147914980"/></id><localToWorld><transform2D x="9744.466212722977" y="48447.25167198218" scale="9.497233565672365" rotation="0"/></localToWorld><styleClasses><array><token value="body"/></array></styleClasses><text><text><width>488.5266895982964</width><p><span><![CDATA[Connections are by nature persistent]]></span></p><p/><p><span><![CDATA[State management for long-lived and errorless connections is given for free]]></span></p><p/><p><span><![CDATA[If errors occur, the process needs to be started anew]]></span></p><p/><p><span><![CDATA[If needed, application can be implemented in such a way as to be stateless]]></span></p><p/><p><span><![CDATA[Local Storage may be used for multi-session state management]]></span></p></text></text></zText><zText><id><string value="38_147914980"/></id><localToWorld><transform2D x="-34675.798026030236" y="-47005.32812824595" scale="201.69107874930964" rotation="0"/></localToWorld><styleClasses><array><token value="subtitle"/></array></styleClasses><text><text><width>-195.1875</width><p><span><![CDATA[Kwan SmallTalks]]></span></p></text></text></zText><zCircleFrame><height><double value="800"/></height><id><string value="37_147914980"/></id><localToWorld><transform2D x="-17948.918882149046" y="-5363.688975506495" scale="0.4096362478048545" rotation="0"/></localToWorld><styleClasses><array><token value="circle"/></array></styleClasses><width><double value="800"/></width></zCircleFrame><zImage><assetSourceFilename><string value="http://0103.static.prezi.com.s3.amazonaws.com/media/2/2/5/29516aa7f57d31f7b6d55ee7ebff5b33f993a.png"/></assetSourceFilename><height><double value="354"/></height><id><string value="40_147914980"/></id><localToWorld><transform2D x="-17948.918882149046" y="-5367.248222689329" scale="0.40564380294225794" rotation="0"/></localToWorld><onlineAssetId><string value="3577617092"/></onlineAssetId><onlineAssetUrl><string value="http://0103.static.prezi.com.s3.amazonaws.com/media/2/2/5/29516aa7f57d31f7b6d55ee7ebff5b33f993a.png"/></onlineAssetUrl><width><double value="722"/></width></zImage><zCircleFrame><height><double value="800"/></height><id><string value="41_147914980"/></id><localToWorld><transform2D x="-20491.064095739825" y="1062.9016094850037" scale="0.7988297289010539" rotation="0"/></localToWorld><styleClasses><array><token value="circle"/></array></styleClasses><width><double value="800"/></width></zCircleFrame><zText><id><string value="42_147914980"/></id><localToWorld><transform2D x="-20374.61270281127" y="1043.1161786476284" scale="0.7634359564988249" rotation="0"/></localToWorld><styleClasses><array><token value="body"/></array></styleClasses><text><text><width>710.3998931037123</width><p><span><![CDATA[var webSocket = new WebSocket(]]></span></p><p indent="1"><span><![CDATA["ws://localhost/socket");]]></span></p><p/><p><span><![CDATA[webSocket.onopen = function(event) {]]></span></p><p indent="1"><span><![CDATA[ //do stuff]]></span></p><p><span><![CDATA[};]]></span></p><p/><p><span><![CDATA[webSocket.onmessage = function(event) {]]></span></p><p indent="1"><span><![CDATA[ //do stuff]]></span></p><p><span><![CDATA[};]]></span></p><p><span><![CDATA[ ]]></span></p><p><span><![CDATA[webSocket.onclose = function(event){]]></span></p><p indent="1"><span><![CDATA[//do stuff]]></span></p><p><span><![CDATA[};]]></span></p><p/><p><span><![CDATA[webSocket.send("Data Contents");]]></span></p><p/><p><span><![CDATA[webSocket.close();]]></span></p></text></text></zText><zCircleFrame><height><double value="800"/></height><id><string value="43_147914980"/></id><localToWorld><transform2D x="9668.009454177509" y="41671.79178066814" scale="1.2018974343481774" rotation="0"/></localToWorld><styleClasses><array><token value="circle"/></array></styleClasses><width><double value="800"/></width></zCircleFrame><zText><id><string value="46_147914980"/></id><localToWorld><transform2D x="9741.074223769814" y="41664.16025734515" scale="1.4457178361653906" rotation="0"/></localToWorld><styleClasses><array><token value="body"/></array></styleClasses><text><text><width>488.5266895982964</width><p><span><![CDATA[{]]></span></p><p indent="1"><span><![CDATA["callback_id": 0,]]></span></p><p indent="1"><span><![CDATA["status": 200,]]></span></p><p indent="1"><span><![CDATA["isEnded": true,]]></span></p><p indent="1"><span><![CDATA["description": "Connection Established",]]></span></p><p indent="1"><span><![CDATA["data": null]]></span></p><p><span><![CDATA[}]]></span></p></text></text></zText><zCircleFrame><height><double value="800"/></height><id><string value="53_147914980"/></id><localToWorld><transform2D x="17006.46478644304" y="41618.09350161775" scale="1.2018974343481774" rotation="0"/></localToWorld><styleClasses><array><token value="circle"/></array></styleClasses><width><double value="800"/></width></zCircleFrame><zText><id><string value="54_147914980"/></id><localToWorld><transform2D x="17189.62134619475" y="41609.89668027084" scale="1.4457178361653904" rotation="0"/></localToWorld><styleClasses><array><token value="body"/></array></styleClasses><text><text><width>488.5266895982964</width><p><span><![CDATA[{]]></span></p><p><span><![CDATA[  "type": "GetGraph",]]></span></p><p><span><![CDATA[  "data": {...},]]></span></p><p><span><![CDATA[  "callback_id": 1]]></span></p><p><span><![CDATA[}]]></span></p><p/><p><span><![CDATA[{]]></span></p><p><span><![CDATA[  "type": "ComputePaths",]]></span></p><p><span><![CDATA[  "data": {...},]]></span></p><p><span><![CDATA[  "callback_id": 3]]></span></p><p><span><![CDATA[}]]></span></p><p/><p><span><![CDATA[{]]></span></p><p><span><![CDATA[  "type": "Evolve",]]></span></p><p><span><![CDATA[  "data": {...},]]></span></p><p><span><![CDATA[  "callback_id": 4]]></span></p><p><span><![CDATA[}]]></span></p></text></text></zText><zCircleFrame><height><double value="800"/></height><id><string value="55_147914980"/></id><localToWorld><transform2D x="18240.38257149616" y="50583.4840851493" scale="1.2018974343481774" rotation="0"/></localToWorld><styleClasses><array><token value="circle"/></array></styleClasses><width><double value="800"/></width></zCircleFrame><zText><id><string value="56_147914980"/></id><localToWorld><transform2D x="18427.213568403375" y="50580.23362151172" scale="1.4457178361653906" rotation="0"/></localToWorld><styleClasses><array><token value="body"/></array></styleClasses><text><text><width>488.5266895982964</width><p><span><![CDATA[{]]></span></p><p indent="1"><span><![CDATA["type": "GetGraph",]]></span></p><p indent="1"><span><![CDATA["data": {...},]]></span></p><p indent="1"><span><![CDATA["callback_id": 1]]></span></p><p><span><![CDATA[}]]></span></p><p/><p><span><![CDATA[{]]></span></p><p indent="1"><span><![CDATA["callback_id": 1,]]></span></p><p indent="1"><span><![CDATA["status": 200,]]></span></p><p indent="1"><span><![CDATA["isEnded": true,]]></span></p><p indent="1"><span><![CDATA["description": "Ok",]]></span></p><p indent="1"><span><![CDATA["data": {...}]]></span></p><p><span><![CDATA[}]]></span></p></text></text></zText><zCircleFrame><height><double value="800"/></height><id><string value="57_147914980"/></id><localToWorld><transform2D x="16042.027322943979" y="15263.894593011213" scale="0.924964584262417" rotation="0"/></localToWorld><styleClasses><array><token value="circle"/></array></styleClasses><width><double value="800"/></width></zCircleFrame><zText><id><string value="58_147914980"/></id><localToWorld><transform2D x="16163.001100063937" y="15250.186115931028" scale="0.876050763061446" rotation="0"/></localToWorld><styleClasses><array><token value="body"/></array></styleClasses><text><text><width>860.4121584314257</width><p><span><![CDATA[if(webSocket !== undefined ]]></span></p><p indent="1"><span><![CDATA[&& webSocket.readyState !== WebSocket.CLOSED) {]]></span></p><p indent="1"/><p><span><![CDATA[    //do stuff ]]></span></p><p><span><![CDATA[}]]></span></p></text></text></zText><zCircleFrame><height><double value="800"/></height><id><string value="59_147914980"/></id><localToWorld><transform2D x="17009.53489089163" y="50583.432478834" scale="1.2018974343481774" rotation="0"/></localToWorld><styleClasses><array><token value="circle"/></array></styleClasses><width><double value="800"/></width></zCircleFrame><zText><id><string value="60_147914980"/></id><localToWorld><transform2D x="17057.443898419282" y="50599.11949899791" scale="1.4457178361653906" rotation="0"/></localToWorld><styleClasses><array><token value="body"/></array></styleClasses><text><text><width>598.3817985289243</width><p><span><![CDATA[{]]></span></p><p indent="1"><span><![CDATA["callback_id": 1,]]></span></p><p indent="1"><span><![CDATA["status": 500,]]></span></p><p indent="1"><span><![CDATA["isEnded": true,]]></span></p><p indent="1"><span><![CDATA["description": "Number of nodes and number of edges must always be specified!",]]></span></p><p indent="1"><span><![CDATA["data": {}]]></span></p><p><span><![CDATA[}]]></span></p><p/></text></text></zText><zCircleFrame><height><double value="800"/></height><id><string value="61_147914980"/></id><localToWorld><transform2D x="14672.168886467693" y="15264.177242023172" scale="0.924964584262417" rotation="0"/></localToWorld><styleClasses><array><token value="circle"/></array></styleClasses><width><double value="800"/></width></zCircleFrame><zText><id><string value="62_147914980"/></id><localToWorld><transform2D x="14693.508886870863" y="15262.763996963362" scale="0.876050763061446" rotation="0"/></localToWorld><styleClasses><array><token value="body"/></array></styleClasses><text><text><width>488.5266895982964</width><p><span><![CDATA[switch (socket.readyState) {]]></span></p><p indent="1"><span><![CDATA[case WebSocket.CONNECTING:]]></span></p><p indent="2"><span><![CDATA[// do something]]></span></p><p indent="2"><span><![CDATA[break;]]></span></p><p indent="1"><span><![CDATA[case WebSocket.OPEN:]]></span></p><p indent="2"><span><![CDATA[// do something]]></span></p><p indent="2"><span><![CDATA[break;]]></span></p><p indent="1"><span><![CDATA[case WebSocket.CLOSING:]]></span></p><p indent="2"><span><![CDATA[// do something]]></span></p><p indent="2"><span><![CDATA[break;]]></span></p><p indent="1"><span><![CDATA[case WebSocket.CLOSED:]]></span></p><p indent="2"><span><![CDATA[// do something]]></span></p><p indent="2"><span><![CDATA[break;]]></span></p><p indent="1"><span><![CDATA[default:]]></span></p><p indent="2"><span><![CDATA[// this never happens]]></span></p><p indent="2"><span><![CDATA[break;]]></span></p><p><span><![CDATA[}]]></span></p><p/></text></text></zText><zCircleFrame><height><double value="800"/></height><id><string value="39_147914980"/></id><localToWorld><transform2D x="18205.89011254126" y="41610.47599614915" scale="1.2018974343481774" rotation="0"/></localToWorld><styleClasses><array><token value="circle"/></array></styleClasses><width><double value="800"/></width></zCircleFrame><zImage><assetSourceFilename><string value="x_GAPSArch.png"/></assetSourceFilename><height><double value="432"/></height><id><string value="64_147914980"/></id><localToWorld><transform2D x="18233.237469467476" y="41628.54542772583" scale="1.3136112948794678" rotation="0"/></localToWorld><onlineAssetId><string value="3577701542"/></onlineAssetId><onlineAssetUrl><string value="http://0103.static.prezi.com.s3.amazonaws.com/media/5/7/3/33e51cb36ca1089d81aec1ee86b71ce939917.png"/></onlineAssetUrl><width><double value="532"/></width></zImage></array></zObjects></prezi>